Effective date,S&P 500 (TR),S&P 500 (Net TR),S&P 500
2016-03-18,3852.15,3491.22,2049.58
2016-03-17,3835.26,3475.92,2040.59
2016-03-16,3810.09,3453.11,2027.22
2016-03-15,3788.62,3433.72,2015.93
2016-03-14,3795.53,3440.0,2019.64
2016-03-11,3800.07,3444.19,2022.19
2016-03-10,3737.74,3387.97,1989.57
2016-03-09,3736.92,3387.3,1989.26
2016-03-08,3717.49,3369.86,1979.26
2016-03-07,3759.05,3407.72,2001.76
2016-03-04,3755.47,3404.55,1999.99
2016-03-03,3743.02,3393.28,1993.4
2016-03-02,3729.59,3381.21,1986.45
2016-03-01,3713.7,3366.99,1978.35
2016-02-29,3627.06,3288.45,1932.23
2016-02-26,3656.42,3315.17,1948.05
2016-02-25,3662.84,3321.1,1951.7
2016-02-24,3620.87,3283.29,1929.8
2016-02-23,3604.68,3268.66,1921.27
2016-02-22,3649.92,3309.74,1945.5
2016-02-19,3597.92,3262.58,1917.78
2016-02-18,3597.49,3262.34,1917.83
2016-02-17,3614.16,3277.51,1926.82
2016-02-16,3555.2,3224.14,1895.58
2016-02-12,3496.28,3171.02,1864.78
2016-02-11,3428.99,3110.08,1829.08
2016-02-10,3471.04,3148.4,1851.86
2016-02-09,3470.5,3148.24,1852.21
2016-02-08,3472.08,3149.86,1853.44
2016-02-05,3521.6,3194.88,1880.05
2016-02-04,3587.71,3254.91,1915.45
2016-02-03,3581.53,3249.5,1912.53
2016-02-02,3562.52,3232.58,1903.03
2016-02-01,3630.46,3294.26,1939.38
2016-01-29,3631.96,3295.65,1940.24
2016-01-28,3544.13,3215.98,1893.36
2016-01-27,3524.33,3198.09,1882.95
2016-01-26,3562.81,3233.07,1903.63
2016-01-25,3513.11,3187.97,1877.08
2016-01-22,3568.9,3238.61,1906.9
2016-01-21,3497.94,3174.21,1868.99
2016-01-20,3479.75,3157.74,1859.33
2016-01-19,3520.4,3194.78,1881.33
2016-01-15,3518.51,3193.06,1880.33
2016-01-14,3596.03,3263.45,1921.84
2016-01-13,3536.92,3209.83,1890.28
2016-01-12,3627.06,3291.75,1938.68
2016-01-11,3598.97,3266.26,1923.67
2016-01-08,3595.91,3263.47,1922.03
2016-01-07,3635.29,3299.22,1943.09
2016-01-06,3723.44,3379.25,1990.26
2016-01-05,3771.57,3423.3,2016.71
2016-01-04,3763.99,3416.42,2012.66
2015-12-31,3821.6,3468.95,2043.94
2015-12-30,3857.9,3501.9,2063.36
2015-12-29,3885.55,3527.11,2078.36
2015-12-28,3843.94,3489.54,2056.5
2015-12-24,3852.31,3497.15,2060.99
2015-12-23,3858.47,3502.74,2064.29
2015-12-22,3810.85,3459.59,2038.97
2015-12-21,3777.15,3429.11,2021.15
2015-12-18,3747.56,3402.36,2005.55
2015-12-17,3815.46,3464.0,2041.89
2015-12-16,3873.12,3516.52,2073.07
2015-12-15,3817.36,3465.99,2043.41
2015-12-14,3777.22,3429.55,2021.94
2015-12-11,3759.09,3413.16,2012.37
2015-12-10,3832.93,3480.37,2052.23
2015-12-09,3823.9,3472.29,2047.62
2015-12-08,3853.48,3499.21,2063.59
2015-12-07,3878.31,3521.85,2077.07
2015-12-04,3905.31,3546.45,2091.69
2015-12-03,3826.74,3475.1,2049.62
2015-12-02,3882.38,3525.68,2079.51
2015-12-01,3924.63,3564.3,2102.63
2015-11-30,3882.84,3526.43,2080.41
2015-11-27,3900.74,3542.74,2090.11
2015-11-25,3897.57,3540.1,2088.87
2015-11-24,3897.67,3540.3,2089.14
2015-11-23,3892.8,3535.91,2086.59
2015-11-20,3897.45,3540.17,2089.17
2015-11-19,3882.06,3526.36,2081.24
2015-11-18,3886.26,3530.22,2083.58
2015-11-17,3824.14,3473.87,2050.44
2015-11-16,3828.46,3478.01,2053.19
2015-11-13,3771.59,3426.53,2023.04
2015-11-12,3814.29,3465.34,2045.97
2015-11-11,3867.71,3514.06,2075.0
2015-11-10,3880.23,3525.43,2081.72
2015-11-09,3873.37,3519.48,2078.58
2015-11-06,3910.98,3553.88,2099.2
2015-11-05,3911.89,3554.83,2099.93
2015-11-04,3915.52,3558.34,2102.31
2015-11-03,3928.05,3570.11,2109.79
2015-11-02,3917.3,3560.36,2104.05
2015-10-30,3871.33,3518.58,2079.36
2015-10-29,3890.04,3535.58,2089.41
2015-10-28,3891.35,3536.9,2090.35
2015-10-27,3845.45,3495.27,2065.89
2015-10-26,3855.29,3504.22,2071.18
2015-10-23,3862.65,3510.92,2075.15
2015-10-22,3820.49,3472.6,2052.51
2015-10-21,3757.91,3415.75,2018.94
2015-10-20,3779.44,3435.44,2030.77
2015-10-19,3784.72,3440.28,2033.66
2015-10-16,3783.64,3439.31,2033.11
2015-10-15,3766.43,3423.66,2023.86
2015-10-14,3711.11,3373.43,1994.24
2015-10-13,3728.48,3389.28,2003.69
2015-10-12,3753.73,3412.33,2017.46
2015-10-09,3748.96,3408.0,2014.89
2015-10-08,3746.12,3405.45,2013.43
2015-10-07,3713.36,3375.67,1995.83
2015-10-06,3682.33,3347.85,1979.92
2015-10-05,3695.61,3359.92,1987.05
2015-10-02,3629.04,3299.45,1951.36
2015-10-01,3577.47,3252.66,1923.82
2015-09-30,3570.17,3246.09,1920.03
2015-09-29,3503.13,3185.19,1884.09
2015-09-28,3498.61,3181.14,1881.77
2015-09-25,3589.71,3264.26,1931.34
2015-09-24,3591.37,3265.78,1932.24
2015-09-23,3603.49,3276.79,1938.76
2015-09-22,3610.7,3283.41,1942.74
2015-09-21,3655.64,3324.29,1966.97
2015-09-18,3638.99,3309.16,1958.03
2015-09-17,3698.74,3363.51,1990.2
2015-09-16,3707.62,3371.76,1995.31
2015-09-15,3675.48,3342.56,1978.09
2015-09-14,3628.87,3300.19,1953.03
2015-09-11,3643.54,3313.59,1961.05
2015-09-10,3626.14,3298.08,1952.29
2015-09-09,3606.8,3280.57,1942.04
2015-09-08,3657.32,3326.61,1969.41
2015-09-04,3567.41,3244.94,1921.22
2015-09-03,3622.66,3295.27,1951.13
2015-09-02,3618.25,3291.32,1948.86
2015-09-01,3552.65,3231.81,1913.85
2015-08-31,3660.75,3330.19,1972.18
2015-08-28,3691.3,3358.1,1988.87
2015-08-27,3688.6,3355.77,1987.66
2015-08-26,3600.73,3275.93,1940.51
2015-08-25,3465.19,3152.68,1867.61
2015-08-24,3512.65,3195.88,1893.21
2015-08-21,3656.67,3326.94,1970.89
2015-08-20,3776.36,3436.0,2035.73
2015-08-19,3857.74,3510.06,2079.61
2015-08-18,3889.6,3539.11,2096.92
2015-08-17,3899.1,3547.96,2102.44
2015-08-14,3878.16,3529.1,2091.54
2015-08-13,3863.03,3515.34,2083.39
2015-08-12,3867.37,3519.45,2086.05
2015-08-11,3862.81,3515.54,2084.07
2015-08-10,3899.36,3549.01,2104.18
2015-08-07,3849.96,3504.06,2077.57
2015-08-06,3860.92,3514.08,2083.56
2015-08-05,3889.99,3540.84,2099.84
2015-08-04,3876.44,3528.91,2093.32
2015-08-03,3885.07,3536.79,2098.04
2015-07-31,3895.8,3546.56,2103.84
2015-07-30,3904.64,3554.61,2108.63
2015-07-29,3904.21,3554.31,2108.57
2015-07-28,3875.37,3528.19,2093.25
2015-07-27,3827.93,3485.0,2067.64
2015-07-24,3850.15,3505.24,2079.65
2015-07-23,3891.79,3543.15,2102.15
2015-07-22,3913.75,3563.21,2114.15
2015-07-21,3922.7,3571.48,2119.21
2015-07-20,3939.35,3586.67,2128.28
2015-07-17,3936.22,3583.85,2126.64
2015-07-16,3931.85,3579.88,2124.29
2015-07-15,3900.5,3551.36,2107.4
2015-07-14,3903.31,3553.93,2108.95
2015-07-13,3885.97,3538.15,2099.6
2015-07-10,3843.1,3499.21,2076.62
2015-07-09,3796.26,3456.57,2051.31
2015-07-08,3787.67,3448.75,2046.68
2015-07-07,3850.66,3506.42,2081.34
2015-07-06,3827.35,3485.2,2068.76
2015-07-02,3842.06,3498.63,2076.78
2015-07-01,3843.26,3499.72,2077.42
2015-06-30,3815.85,3475.02,2063.11
2015-06-29,3805.5,3465.66,2057.64
2015-06-26,3886.21,3539.26,2101.49
2015-06-25,3887.04,3540.2,2102.31
2015-06-24,3898.47,3550.66,2108.58
2015-06-23,3927.23,3576.88,2124.2
2015-06-22,3924.41,3574.4,2122.85
2015-06-19,3900.64,3552.75,2109.99
2015-06-18,3921.43,3571.69,2121.24
2015-06-17,3882.49,3536.36,2100.44
2015-06-16,3874.73,3529.32,2096.29
2015-06-15,3852.75,3509.31,2084.43
2015-06-12,3870.56,3525.56,2094.11
2015-06-11,3897.59,3550.24,2108.86
2015-06-10,3889.7,3543.36,2105.2
2015-06-09,3843.16,3501.03,2080.15
2015-06-08,3841.45,3499.5,2079.28
2015-06-05,3865.83,3521.89,2092.83
2015-06-04,3871.23,3526.86,2095.84
2015-06-03,3904.83,3557.49,2114.07
2015-06-02,3895.85,3549.5,2109.6
2015-06-01,3899.59,3552.96,2111.73
2015-05-29,3891.18,3545.41,2107.39
2015-05-28,3915.82,3567.89,2120.79
2015-05-27,3920.11,3571.98,2123.48
2015-05-26,3883.88,3539.14,2104.2
2015-05-22,3924.16,3575.87,2126.06
2015-05-21,3932.9,3583.84,2130.82
2015-05-20,3923.18,3575.13,2125.85
2015-05-19,3926.41,3578.19,2127.83
2015-05-18,3928.15,3580.0,2129.2
2015-05-15,3915.99,3568.98,2122.73
2015-05-14,3912.52,3565.93,2121.1
2015-05-13,3870.36,3527.63,2098.48
2015-05-12,3870.69,3528.16,2099.12
2015-05-11,3881.93,3538.47,2105.33
2015-05-08,3901.01,3556.07,2116.1
2015-05-07,3849.13,3508.8,2088.0
2015-05-06,3833.7,3494.99,2080.15
2015-05-05,3849.41,3509.72,2089.46
2015-05-04,3895.16,3551.53,2114.49
2015-05-01,3883.75,3541.12,2108.29
2015-04-30,3841.78,3502.86,2085.51
2015-04-29,3880.9,3538.58,2106.85
2015-04-28,3895.21,3551.7,2114.76
2015-04-27,3884.1,3541.66,2108.92
2015-04-24,3900.24,3556.38,2117.69
2015-04-23,3891.46,3548.38,2112.93
2015-04-22,3881.93,3539.8,2107.96
2015-04-21,3862.15,3521.79,2097.29
2015-04-20,3867.82,3526.98,2100.4
2015-04-17,3832.33,3494.64,2081.18
2015-04-16,3876.17,3534.62,2104.99
2015-04-15,3879.1,3537.31,2106.63
2015-04-14,3859.22,3519.19,2095.84
2015-04-13,3852.93,3513.46,2092.43
2015-04-10,3870.31,3529.41,2102.06
2015-04-09,3850.29,3511.15,2091.18
2015-04-08,3833.2,3495.56,2081.9
2015-04-07,3821.49,3485.28,2076.33
2015-04-06,3829.31,3492.43,2080.62
2015-04-02,3804.14,3469.49,2066.96
2015-04-01,3790.66,3457.22,2059.69
2015-03-31,3805.27,3470.67,2067.89
2015-03-30,3838.65,3501.23,2086.24
2015-03-27,3791.9,3458.68,2061.02
2015-03-26,3782.21,3450.04,2056.15
2015-03-25,3791.13,3458.2,2061.05
2015-03-24,3847.05,3509.24,2091.5
2015-03-23,3870.49,3530.71,2104.42
2015-03-20,3877.26,3536.88,2108.1
2015-03-19,3842.62,3505.29,2089.27
2015-03-18,3861.39,3522.42,2099.5
2015-03-17,3814.91,3480.05,2074.28
2015-03-16,3827.62,3491.64,2081.19
2015-03-13,3776.44,3444.97,2053.4
2015-03-12,3799.43,3465.97,2065.95
2015-03-11,3751.2,3422.23,2040.24
2015-03-10,3757.83,3428.44,2044.16
2015-03-09,3822.42,3487.43,2079.43
2015-03-06,3807.04,3473.5,2071.26
2015-03-05,3861.29,3523.13,2101.04
2015-03-04,3856.51,3518.82,2098.53
2015-03-03,3872.71,3533.82,2107.78
2015-03-02,3890.32,3549.9,2117.39
2015-02-27,3866.42,3528.15,2104.5
2015-02-26,3877.85,3538.59,2110.74
2015-02-25,3882.95,3543.41,2113.86
2015-02-24,3885.27,3545.72,2115.48
2015-02-23,3874.46,3535.88,2109.66
2015-02-20,3875.6,3536.93,2110.3
2015-02-19,3851.53,3515.09,2097.45
2015-02-18,3855.0,3518.43,2099.68
2015-02-17,3856.04,3519.43,2100.34
2015-02-13,3849.29,3513.43,2096.99
2015-02-12,3833.35,3498.97,2088.48
2015-02-11,3795.82,3464.96,2068.53
2015-02-10,3794.62,3464.23,2068.59
2015-02-09,3754.36,3427.52,2046.74
2015-02-06,3770.2,3442.03,2055.47
2015-02-05,3782.11,3453.18,2062.52
2015-02-04,3742.84,3417.53,2041.51
2015-02-03,3757.34,3431.07,2050.03
2015-02-02,3703.77,3382.18,2020.85
2015-01-30,3656.28,3338.84,1994.99
2015-01-29,3704.35,3382.75,2021.25
2015-01-28,3669.1,3350.64,2002.16
2015-01-27,3718.99,3396.28,2029.55
2015-01-26,3769.45,3442.36,2057.09
2015-01-23,3759.76,3433.52,2051.82
2015-01-22,3780.51,3452.47,2063.15
2015-01-21,3723.62,3400.53,2032.12
2015-01-20,3705.64,3384.23,2022.55
2015-01-16,3699.79,3378.92,2019.42
2015-01-15,3650.74,3334.13,1992.67
2015-01-14,3684.72,3365.2,2011.27
2015-01-13,3706.15,3384.8,2023.03
2015-01-12,3715.36,3393.31,2028.26
2015-01-09,3745.67,3420.99,2044.81
2015-01-08,3777.4,3449.98,2062.14
2015-01-07,3710.94,3389.3,2025.9
2015-01-06,3667.14,3349.61,2002.61
2015-01-05,3700.03,3379.66,2020.58
2015-01-02,3768.68,3442.43,2058.2
2014-12-31,3769.44,3443.26,2058.9
2014-12-30,3808.69,3479.12,2080.35
2014-12-29,3826.95,3495.93,2090.57
2014-12-26,3823.0,3492.5,2088.77
2014-12-24,3810.39,3480.98,2081.88
2014-12-23,3810.78,3481.37,2082.17
2014-12-22,3803.94,3475.18,2078.54
2014-12-19,3788.97,3461.65,2070.65
2014-12-18,3771.72,3445.89,2061.23
2014-12-17,3682.7,3364.71,2012.89
2014-12-16,3609.06,3297.48,1972.74
2014-12-15,3639.97,3325.72,1989.63
2014-12-12,3663.1,3346.89,2002.33
2014-12-11,3723.32,3401.94,2035.33
2014-12-10,3705.51,3385.95,2026.14
2014-12-09,3766.83,3442.06,2059.82
2014-12-08,3767.7,3442.86,2060.31
2014-12-05,3794.68,3467.66,2075.37
2014-12-04,3788.34,3461.88,2071.92
2014-12-03,3792.69,3465.87,2074.33
2014-12-02,3777.47,3452.23,2066.55
2014-12-01,3753.31,3430.21,2053.44
2014-11-28,3778.96,3453.7,2067.56
2014-11-26,3788.42,3462.38,2072.83
2014-11-25,3776.94,3452.14,2067.03
2014-11-24,3780.88,3455.85,2069.41
2014-11-21,3770.03,3445.95,2063.5
2014-11-20,3749.87,3427.66,2052.75
2014-11-19,3742.35,3420.83,2048.72
2014-11-18,3747.74,3425.82,2051.8
2014-11-17,3727.86,3407.85,2041.32
2014-11-14,3724.92,3405.22,2039.82
2014-11-13,3723.58,3404.12,2039.33
2014-11-12,3721.3,3402.12,2038.25
2014-11-11,3722.84,3403.82,2039.68
2014-11-10,3720.25,3401.45,2038.26
2014-11-07,3708.46,3390.73,2031.92
2014-11-06,3706.45,3389.09,2031.21
2014-11-05,3691.38,3375.62,2023.57
2014-11-04,3669.18,3355.67,2012.1
2014-11-03,3679.58,3365.18,2017.81
2014-10-31,3679.99,3365.57,2018.05
2014-10-30,3637.3,3326.53,1994.65
2014-10-29,3614.53,3305.77,1982.3
2014-10-28,3619.16,3310.11,1985.05
2014-10-27,3576.47,3271.07,1961.63
2014-10-24,3581.82,3275.97,1964.58
2014-10-23,3556.7,3253.0,1950.82
2014-10-22,3513.47,3213.46,1927.11
2014-10-21,3538.9,3236.83,1941.28
2014-10-20,3470.89,3174.65,1904.01
2014-10-17,3439.39,3145.85,1886.76
2014-10-16,3395.64,3105.83,1862.76
2014-10-15,3395.03,3105.31,1862.49
2014-10-14,3422.43,3130.46,1877.7
2014-10-13,3417.01,3125.51,1874.74
2014-10-10,3474.23,3177.85,1906.13
2014-10-09,3514.12,3214.43,1928.21
2014-10-08,3588.07,3282.12,1968.89
2014-10-07,3525.29,3225.03,1935.1
2014-10-06,3579.42,3274.55,1964.82
2014-10-03,3584.94,3279.62,1967.9
2014-10-02,3545.3,3243.37,1946.17
2014-10-01,3544.98,3243.16,1946.16
2014-09-30,3592.25,3286.5,1972.29
2014-09-29,3602.09,3295.56,1977.8
2014-09-26,3610.98,3303.77,1982.85
2014-09-25,3579.61,3275.26,1965.99
2014-09-24,3638.44,3329.09,1998.3
2014-09-23,3610.1,3303.17,1982.77
2014-09-22,3630.7,3322.12,1994.29
2014-09-19,3660.03,3348.96,2010.4
2014-09-18,3661.73,3350.53,2011.36
2014-09-17,3643.4,3333.89,2001.57
2014-09-16,3638.6,3329.52,1998.98
2014-09-15,3611.52,3304.76,1984.13
2014-09-12,3614.06,3307.09,1985.54
2014-09-11,3635.66,3326.87,1997.45
2014-09-10,3631.45,3323.3,1995.69
2014-09-09,3617.89,3310.99,1988.44
2014-09-08,3641.66,3332.77,2001.54
2014-09-05,3652.26,3342.64,2007.71
2014-09-04,3633.87,3325.83,1997.65
2014-09-03,3639.35,3330.88,2000.72
2014-09-02,3641.52,3333.05,2002.28
2014-08-29,3643.34,3334.75,2003.37
2014-08-28,3630.98,3323.53,1996.74
2014-08-27,3636.64,3328.84,2000.12
2014-08-26,3635.71,3328.19,2000.02
2014-08-25,3631.86,3324.68,1997.92
2014-08-22,3614.5,3308.8,1988.4
2014-08-21,3621.23,3315.09,1992.37
2014-08-20,3610.49,3305.29,1986.51
2014-08-19,3601.33,3296.97,1981.6
2014-08-18,3582.7,3280.11,1971.74
2014-08-15,3552.17,3252.22,1955.06
2014-08-14,3551.97,3252.15,1955.18
2014-08-13,3536.42,3237.96,1946.72
2014-08-12,3511.96,3215.81,1933.75
2014-08-11,3517.53,3220.96,1936.92
2014-08-08,3507.21,3211.69,1931.59
2014-08-07,3467.14,3175.02,1909.57
2014-08-06,3485.67,3192.22,1920.24
2014-08-05,3484.56,3191.5,1920.21
2014-08-04,3518.31,3222.49,1938.99
2014-08-01,3493.18,3199.48,1925.15
2014-07-31,3503.19,3208.66,1930.67
2014-07-30,3574.45,3273.99,1970.07
2014-07-29,3573.65,3273.41,1969.95
2014-07-28,3589.73,3288.19,1978.91
2014-07-25,3588.68,3287.23,1978.34
2014-07-24,3606.1,3303.21,1987.98
2014-07-23,3604.3,3301.57,1987.01
2014-07-22,3597.95,3295.76,1983.53
2014-07-21,3579.99,3279.31,1973.63
2014-07-18,3588.21,3286.87,1978.22
2014-07-17,3551.73,3253.46,1958.12
2014-07-16,3593.91,3292.19,1981.57
2014-07-15,3578.46,3278.16,1973.28
2014-07-14,3585.37,3284.49,1977.1
2014-07-11,3568.08,3268.65,1967.57
2014-07-10,3562.49,3263.63,1964.68
2014-07-09,3577.28,3277.18,1972.83
2014-07-08,3560.53,3261.89,1963.71
2014-07-07,3584.75,3284.37,1977.65
2014-07-03,3598.73,3297.22,1985.44
2014-07-02,3579.11,3279.24,1974.62
2014-07-01,3576.55,3276.95,1973.32
2014-06-30,3552.18,3254.8,1960.23
2014-06-27,3553.35,3255.91,1960.96
2014-06-26,3546.38,3249.58,1957.22
2014-06-25,3549.96,3253.03,1959.53
2014-06-24,3532.57,3237.12,1949.98
2014-06-23,3555.14,3257.88,1962.61
2014-06-20,3555.6,3258.31,1962.87
2014-06-19,3549.44,3252.67,1959.48
2014-06-18,3544.42,3248.2,1956.98
2014-06-17,3517.23,3223.3,1941.99
2014-06-16,3509.54,3216.27,1937.78
2014-06-13,3506.58,3213.56,1936.16
2014-06-12,3495.57,3203.49,1930.11
2014-06-11,3519.52,3225.71,1943.89
2014-06-10,3531.62,3236.91,1950.79
2014-06-09,3532.47,3237.69,1951.27
2014-06-06,3528.98,3234.54,1949.44
2014-06-05,3512.21,3219.32,1940.46
2014-06-04,3489.21,3198.3,1927.88
2014-06-03,3482.0,3191.86,1924.24
2014-06-02,3483.14,3192.95,1924.97
2014-05-30,3480.29,3190.43,1923.57
2014-05-29,3473.86,3184.54,1920.03
2014-05-28,3454.88,3167.26,1909.78
2014-05-27,3458.19,3170.45,1911.91
2014-05-23,3437.58,3151.56,1900.53
2014-05-22,3422.99,3138.2,1892.49
2014-05-21,3414.45,3130.49,1888.03
2014-05-20,3386.48,3104.99,1872.83
2014-05-19,3408.52,3125.23,1885.08
2014-05-16,3395.21,3113.09,1877.86
2014-05-15,3382.52,3101.46,1870.85
2014-05-14,3413.84,3130.35,1888.53
2014-05-13,3429.3,3144.71,1897.45
2014-05-12,3427.01,3142.85,1896.65
2014-05-09,3394.05,3112.65,1878.48
2014-05-08,3388.29,3107.54,1875.63
2014-05-07,3392.1,3111.26,1878.21
2014-05-06,3371.72,3092.97,1867.72
2014-05-05,3402.23,3120.97,1884.66
2014-05-02,3395.61,3114.97,1881.14
2014-05-01,3400.2,3119.19,1883.68
2014-04-30,3400.46,3119.49,1883.95
2014-04-29,3390.16,3110.08,1878.33
2014-04-28,3374.04,3095.3,1869.43
2014-04-25,3362.95,3085.19,1863.4
2014-04-24,3390.39,3110.37,1878.61
2014-04-23,3384.5,3104.98,1875.39
2014-04-22,3391.58,3111.6,1879.55
2014-04-21,3377.75,3098.91,1871.89
2014-04-17,3365.0,3087.23,1864.85
2014-04-16,3360.27,3082.93,1862.31
2014-04-15,3325.3,3050.87,1842.98
2014-04-14,3302.98,3030.39,1830.61
2014-04-11,3276.04,3005.67,1815.69
2014-04-10,3307.08,3034.25,1833.08
2014-04-09,3377.61,3098.97,1872.18
2014-04-08,3340.84,3065.31,1851.96
2014-04-07,3327.27,3053.15,1845.04
2014-04-04,3363.41,3086.32,1865.09
2014-04-03,3406.0,3125.44,1888.77
2014-04-02,3409.8,3128.93,1890.9
2014-04-01,3399.51,3119.65,1885.52
2014-03-31,3375.51,3097.7,1872.34
2014-03-28,3348.83,3073.25,1857.62
2014-03-27,3333.23,3058.98,1849.04
2014-03-26,3339.0,3064.43,1852.56
2014-03-25,3362.44,3085.97,1865.62
2014-03-24,3347.36,3072.22,1857.44
2014-03-21,3363.72,3087.23,1866.52
2014-03-20,3373.6,3096.3,1872.01
2014-03-19,3353.29,3077.68,1860.77
2014-03-18,3373.98,3096.67,1872.25
2014-03-17,3349.71,3074.42,1858.83
2014-03-14,3317.81,3045.14,1841.13
2014-03-13,3327.11,3053.7,1846.34
2014-03-12,3366.07,3089.58,1868.2
2014-03-11,3364.17,3088.07,1867.63
2014-03-10,3381.22,3103.76,1877.17
2014-03-07,3382.57,3105.06,1878.04
2014-03-06,3380.49,3103.22,1877.03
2014-03-05,3374.1,3097.52,1873.81
2014-03-04,3373.64,3097.27,1873.91
2014-03-03,3322.85,3050.66,1845.73
2014-02-28,3347.38,3073.22,1859.45
2014-02-27,3338.05,3064.67,1854.29
2014-02-26,3321.15,3049.29,1845.16
2014-02-25,3320.43,3048.8,1845.12
2014-02-24,3324.84,3052.87,1847.61
2014-02-21,3304.36,3034.08,1836.25
2014-02-20,3310.27,3039.62,1839.78
2014-02-19,3289.83,3021.02,1828.75
2014-02-18,3311.27,3040.75,1840.76
2014-02-14,3306.92,3036.9,1838.63
2014-02-13,3290.82,3022.19,1829.83
2014-02-12,3271.47,3004.52,1819.26
2014-02-11,3270.74,3004.29,1819.75
2014-02-10,3234.79,2971.31,1799.84
2014-02-07,3229.64,2966.6,1797.02
2014-02-06,3187.25,2927.67,1773.43
2014-02-05,3146.49,2890.67,1751.64
2014-02-04,3151.94,2895.93,1755.2
2014-02-03,3127.87,2873.86,1741.89
2014-01-31,3200.95,2941.01,1782.59
2014-01-30,3221.78,2960.15,1794.19
2014-01-29,3185.7,2927.05,1774.2
2014-01-28,3218.21,2957.02,1792.5
2014-01-27,3198.57,2938.97,1781.56
2014-01-24,3214.13,2953.29,1790.29
2014-01-23,3282.64,3016.25,1828.46
2014-01-22,3312.04,3043.28,1844.86
2014-01-21,3309.74,3041.28,1843.8
2014-01-17,3300.51,3032.81,1838.7
2014-01-16,3313.36,3044.64,1845.89
2014-01-15,3317.75,3048.69,1848.38
2014-01-14,3300.61,3032.97,1838.88
2014-01-13,3265.27,3000.5,1819.2
2014-01-10,3306.49,3038.48,1842.37
2014-01-09,3298.87,3031.47,1838.13
2014-01-08,3297.74,3030.43,1837.49
2014-01-07,3297.45,3030.44,1837.88
2014-01-06,3277.48,3012.1,1826.77
2014-01-03,3285.68,3019.65,1831.37
2014-01-02,3286.69,3020.6,1831.98
2013-12-31,3315.59,3047.29,1848.36
2013-12-30,3302.3,3035.14,1841.07
2013-12-27,3302.66,3035.53,1841.4
2013-12-26,3303.15,3036.15,1842.02
2013-12-24,3287.55,3021.82,1833.32
2013-12-23,3277.62,3012.79,1827.99
2013-12-20,3259.79,2996.54,1818.32
2013-12-19,3244.15,2982.16,1809.6
2013-12-18,3245.59,2983.61,1810.65
2013-12-17,3192.33,2934.68,1781.0
2013-12-16,3202.22,2943.78,1786.54
2013-12-13,3182.07,2925.27,1775.32
2013-12-12,3182.33,2925.52,1775.5
2013-12-11,3193.52,2936.05,1782.22
2013-12-10,3229.72,2969.42,1802.62
2013-12-09,3239.99,2978.88,1808.37
2013-12-06,3233.99,2973.4,1805.09
2013-12-05,3197.76,2940.16,1785.03
2013-12-04,3211.59,2952.91,1792.81
2013-12-03,3214.95,2956.23,1795.15
2013-12-02,3225.06,2965.57,1800.9
2013-11-29,3233.72,2973.58,1805.81
2013-11-27,3236.14,2975.84,1807.23
2013-11-26,3227.36,2967.97,1802.75
2013-11-25,3226.53,2967.3,1802.48
2013-11-22,3230.54,2971.01,1804.76
2013-11-21,3214.16,2956.07,1795.85
2013-11-20,3188.04,2932.1,1781.37
2013-11-19,3199.51,2942.69,1787.87
2013-11-18,3205.46,2948.33,1791.53
2013-11-15,3217.2,2959.17,1798.18
2013-11-14,3203.65,2946.71,1790.62
2013-11-13,3187.64,2932.15,1782.0
2013-11-12,3161.1,2908.0,1767.69
2013-11-11,3168.41,2914.78,1771.89
2013-11-08,3166.11,2912.66,1770.61
2013-11-07,3124.12,2874.05,1747.15
2013-11-06,3165.13,2911.97,1770.49
2013-11-05,3149.96,2898.5,1762.97
2013-11-04,3158.47,2906.43,1767.93
2013-11-01,3147.21,2896.07,1761.64
2013-10-31,3138.09,2887.68,1756.54
2013-10-30,3149.93,2898.64,1763.31
2013-10-29,3165.11,2912.68,1771.95
2013-10-28,3147.36,2896.39,1762.11
2013-10-25,3143.16,2892.53,1759.77
2013-10-24,3129.41,2879.88,1752.07
2013-10-23,3119.2,2870.5,1746.38
2013-10-22,3133.98,2884.11,1754.67
2013-10-21,3116.09,2867.65,1744.66
2013-10-18,3115.77,2867.36,1744.5
2013-10-17,3095.42,2848.66,1733.15
2013-10-16,3074.54,2829.49,1721.54
2013-10-15,3032.27,2790.68,1698.06
2013-10-14,3053.84,2810.53,1710.14
2013-10-11,3041.43,2799.1,1703.2
2013-10-10,3022.43,2781.62,1692.56
2013-10-09,2957.4,2721.9,1656.4
2013-10-08,2955.41,2720.15,1655.45
2013-10-07,2991.39,2753.52,1676.12
2013-10-04,3017.05,2777.14,1690.5
2013-10-03,2995.81,2757.62,1678.66
2013-10-02,3022.95,2782.6,1693.87
2013-10-01,3024.38,2784.08,1695.0
2013-09-30,3000.18,2761.86,1681.55
2013-09-27,3018.24,2778.52,1691.75
2013-09-26,3030.41,2789.78,1698.67
2013-09-25,3019.31,2779.71,1692.77
2013-09-24,3027.52,2787.3,1697.42
2013-09-23,3035.09,2794.35,1701.84
2013-09-20,3049.47,2807.6,1709.91
2013-09-19,3071.61,2827.99,1722.34
2013-09-18,3076.81,2832.91,1725.52
2013-09-17,3039.75,2798.8,1704.76
2013-09-16,3026.94,2787.01,1697.6
2013-09-13,3009.79,2771.22,1687.99
2013-09-12,3001.62,2763.71,1683.42
2013-09-11,3010.94,2772.53,1689.13
2013-09-10,3001.36,2763.82,1683.99
2013-09-09,2979.45,2743.66,1671.71
2013-09-06,2949.8,2716.39,1655.17
2013-09-05,2949.27,2716.01,1655.08
2013-09-04,2945.62,2712.67,1653.08
2013-09-03,2921.23,2690.4,1639.77
2013-08-30,2908.96,2679.14,1632.97
2013-08-29,2917.96,2687.5,1638.17
2013-08-28,2911.83,2681.97,1634.96
2013-08-27,2903.29,2674.26,1630.48
2013-08-26,2950.13,2717.41,1656.78
2013-08-23,2962.06,2728.4,1663.5
2013-08-22,2949.96,2717.38,1656.96
2013-08-21,2924.73,2694.14,1642.8
2013-08-20,2941.58,2709.71,1652.35
2013-08-19,2930.27,2699.32,1646.06
2013-08-16,2947.46,2715.21,1655.83
2013-08-15,2957.08,2724.12,1661.32
2013-08-14,2999.42,2763.26,1685.39
2013-08-13,3014.43,2777.26,1694.16
2013-08-12,3005.42,2769.14,1689.47
2013-08-09,3008.79,2772.27,1691.42
2013-08-08,3019.0,2781.84,1697.48
2013-08-07,3006.63,2770.63,1690.91
2013-08-06,3017.16,2780.59,1697.37
2013-08-05,3034.43,2796.53,1707.14
2013-08-02,3038.63,2800.49,1709.67
2013-08-01,3033.59,2795.86,1706.87
2013-07-31,2995.72,2761.04,1685.73
2013-07-30,2995.68,2761.13,1685.96
2013-07-29,2994.45,2760.03,1685.33
2013-07-26,3005.51,2770.26,1691.65
2013-07-25,3003.01,2767.97,1690.25
2013-07-24,2995.3,2760.87,1685.94
2013-07-23,3006.72,2771.41,1692.39
2013-07-22,3012.3,2776.55,1695.53
2013-07-19,3006.13,2770.88,1692.09
2013-07-18,3001.21,2766.37,1689.37
2013-07-17,2985.85,2752.31,1680.91
2013-07-16,2977.26,2744.48,1676.26
2013-07-15,2988.35,2754.7,1682.5
2013-07-12,2984.24,2750.91,1680.19
2013-07-11,2975.06,2742.45,1675.02
2013-07-10,2934.97,2705.58,1652.62
2013-07-09,2934.31,2705.0,1652.32
2013-07-08,2913.2,2685.56,1640.46
2013-07-05,2897.12,2670.97,1631.89
2013-07-03,2867.85,2643.99,1615.41
2013-07-02,2865.48,2641.81,1614.08
2013-07-01,2866.41,2642.84,1614.96
2013-06-28,2850.66,2628.41,1606.28
2013-06-27,2862.92,2639.72,1613.2
2013-06-26,2845.04,2623.3,1603.26
2013-06-25,2817.44,2598.01,1588.03
2013-06-24,2790.66,2573.4,1573.09
2013-06-21,2824.97,2605.03,1592.43
2013-06-20,2817.44,2598.09,1588.19
2013-06-19,2889.25,2664.44,1628.93
2013-06-18,2929.81,2701.85,1651.81
2013-06-17,2907.12,2680.93,1639.04
2013-06-14,2885.24,2660.77,1626.73
2013-06-13,2902.32,2676.52,1636.36
2013-06-12,2859.62,2637.26,1612.52
2013-06-11,2883.07,2659.08,1626.13
2013-06-10,2912.63,2686.34,1642.81
2013-06-07,2913.46,2687.16,1643.38
2013-06-06,2876.5,2653.08,1622.56
2013-06-05,2851.89,2630.49,1608.9
2013-06-04,2891.02,2666.78,1631.38
2013-06-03,2906.91,2681.48,1640.42
2013-05-31,2889.46,2665.47,1630.74
2013-05-30,2931.39,2704.15,1654.41
2013-05-29,2920.18,2693.95,1648.36
2013-05-28,2940.45,2712.77,1660.06
2013-05-24,2921.88,2695.65,1649.6
2013-05-23,2923.43,2697.09,1650.51
2013-05-22,2931.58,2704.73,1655.35
2013-05-21,2955.69,2727.07,1669.16
2013-05-20,2950.53,2722.33,1666.29
2013-05-17,2952.56,2724.22,1667.47
2013-05-16,2922.4,2696.41,1650.47
2013-05-15,2936.98,2709.9,1658.78
2013-05-14,2921.12,2695.52,1650.34
2013-05-13,2891.17,2668.05,1633.77
2013-05-10,2890.77,2667.76,1633.7
2013-05-09,2878.3,2656.26,1626.67
2013-05-08,2887.61,2665.22,1632.69
2013-05-07,2874.46,2653.44,1625.96
2013-05-06,2859.34,2639.52,1617.5
2013-05-03,2853.88,2634.48,1614.42
2013-05-02,2823.82,2606.82,1597.59
2013-05-01,2797.28,2582.38,1582.7
2013-04-30,2823.42,2606.55,1597.57
2013-04-29,2816.39,2600.07,1593.61
2013-04-26,2796.24,2581.48,1582.24
2013-04-25,2801.28,2586.17,1585.16
2013-04-24,2789.93,2575.72,1578.79
2013-04-23,2789.56,2575.47,1578.78
2013-04-22,2760.8,2548.92,1562.5
2013-04-19,2747.94,2537.06,1555.25
2013-04-18,2723.72,2514.74,1541.61
2013-04-17,2742.01,2531.65,1552.01
2013-04-16,2781.86,2568.43,1574.57
2013-04-15,2742.63,2532.21,1552.36
2013-04-12,2807.1,2591.74,1588.85
2013-04-11,2815.02,2599.07,1593.37
2013-04-10,2804.81,2589.71,1587.73
2013-04-09,2770.84,2558.4,1568.61
2013-04-08,2761.05,2549.36,1563.07
2013-04-05,2742.86,2532.81,1553.28
2013-04-04,2754.67,2543.72,1559.98
2013-04-03,2743.38,2533.35,1553.69
2013-04-02,2772.11,2560.02,1570.25
2013-04-01,2757.83,2546.84,1562.17
2013-03-28,2770.05,2558.17,1569.19
2013-03-27,2758.85,2547.83,1562.85
2013-03-26,2760.32,2549.23,1563.77
2013-03-25,2738.08,2528.95,1551.69
2013-03-22,2747.25,2537.41,1556.89
2013-03-21,2727.69,2519.35,1545.8
2013-03-20,2750.42,2540.35,1558.71
2013-03-19,2732.09,2523.44,1548.34
2013-03-18,2738.68,2529.53,1552.1
2013-03-15,2753.82,2543.53,1560.7
2013-03-14,2758.3,2547.66,1563.23
2013-03-13,2742.87,2533.43,1554.52
2013-03-12,2738.35,2529.51,1552.48
2013-03-11,2744.81,2535.51,1556.22
2013-03-08,2735.67,2527.14,1551.18
2013-03-07,2723.27,2515.74,1544.26
2013-03-06,2718.07,2511.01,1541.46
2013-03-05,2714.35,2507.79,1539.79
2013-03-04,2688.54,2483.97,1525.2
2013-03-01,2676.18,2472.55,1518.2
2013-02-28,2669.92,2466.78,1514.68
2013-02-27,2672.11,2468.83,1515.99
2013-02-26,2637.89,2437.4,1496.94
2013-02-25,2621.46,2422.33,1487.85
2013-02-22,2670.36,2467.51,1515.6
2013-02-21,2646.75,2445.8,1502.42
2013-02-20,2662.94,2460.93,1511.95
2013-02-19,2696.26,2491.76,1530.94
2013-02-15,2676.21,2473.35,1519.79
2013-02-14,2678.77,2475.78,1521.38
2013-02-13,2676.6,2473.86,1520.33
2013-02-12,2673.77,2471.59,1519.43
2013-02-11,2669.37,2467.56,1517.01
2013-02-08,2670.85,2468.97,1517.93
2013-02-07,2655.84,2455.09,1509.39
2013-02-06,2659.55,2458.82,1512.12
2013-02-05,2657.76,2457.26,1511.29
2013-02-04,2630.05,2431.73,1495.71
2013-02-01,2660.7,2460.08,1513.17
2013-01-31,2634.16,2435.56,1498.11
2013-01-30,2640.77,2441.71,1501.96
2013-01-29,2650.43,2450.83,1507.84
2013-01-28,2636.83,2438.29,1500.18
2013-01-25,2641.64,2442.76,1502.96
2013-01-24,2627.33,2429.53,1494.82
2013-01-23,2627.23,2429.46,1494.81
2013-01-22,2623.22,2425.77,1492.56
2013-01-18,2611.54,2415.0,1485.98
2013-01-17,2602.64,2406.78,1480.94
2013-01-16,2588.02,2393.26,1472.63
2013-01-15,2587.2,2392.59,1472.34
2013-01-14,2584.27,2389.89,1470.68
2013-01-11,2586.69,2392.12,1472.05
2013-01-10,2586.52,2392.05,1472.12
2013-01-09,2567.02,2374.01,1461.02
2013-01-08,2560.17,2367.69,1457.15
2013-01-07,2567.63,2374.83,1461.89
2013-01-04,2575.66,2382.26,1466.47
2013-01-03,2563.19,2370.72,1459.37
2013-01-02,2568.55,2375.69,1462.42
2012-12-31,2504.44,2316.52,1426.19
2012-12-28,2462.71,2277.92,1402.43
2012-12-27,2489.97,2303.21,1418.1
2012-12-26,2492.54,2305.72,1419.83
2012-12-24,2504.51,2316.8,1426.66
2012-12-21,2510.32,2322.26,1430.15
2012-12-20,2533.91,2344.13,1443.69
2012-12-19,2519.54,2330.99,1435.81
2012-12-18,2538.72,2348.75,1446.79
2012-12-17,2509.84,2322.05,1430.36
2012-12-14,2480.36,2294.78,1413.58
2012-12-13,2490.56,2304.25,1419.45
2012-12-12,2505.76,2318.49,1428.48
2012-12-11,2504.08,2317.09,1427.84
2012-12-10,2487.78,2302.01,1418.55
2012-12-07,2486.84,2301.17,1418.07
2012-12-06,2479.4,2294.34,1413.94
2012-12-05,2470.59,2286.36,1409.28
2012-12-04,2465.9,2282.24,1407.05
2012-12-03,2470.07,2286.11,1409.46
2012-11-30,2481.82,2297.0,1416.18
2012-11-29,2481.42,2296.63,1415.95
2012-11-28,2470.47,2286.6,1409.93
2012-11-27,2450.48,2268.3,1398.94
2012-11-26,2463.12,2280.07,1406.29
2012-11-23,2468.06,2284.66,1409.15
2012-11-21,2435.97,2255.05,1391.03
2012-11-20,2430.29,2249.81,1387.81
2012-11-19,2428.47,2248.18,1386.89
2012-11-16,2381.02,2204.29,1359.88
2012-11-15,2369.32,2193.53,1353.33
2012-11-14,2372.94,2196.92,1355.49
2012-11-13,2405.38,2227.2,1374.53
2012-11-12,2414.24,2235.62,1380.03
2012-11-09,2413.92,2235.33,1379.85
2012-11-08,2409.72,2231.47,1377.51
2012-11-07,2439.48,2259.03,1394.53
2012-11-06,2496.46,2312.42,1428.39
2012-11-05,2476.94,2294.36,1417.26
2012-11-02,2471.3,2289.21,1414.2
2012-11-01,2494.67,2310.87,1427.59
2012-10-31,2467.51,2285.76,1412.16
2012-10-26,2466.8,2285.2,1411.94
2012-10-25,2468.6,2286.86,1412.97
2012-10-24,2461.18,2280.0,1408.75
2012-10-23,2468.78,2287.05,1413.11
2012-10-22,2504.96,2320.57,1433.82
2012-10-19,2503.8,2319.51,1433.19
2012-10-18,2545.95,2358.57,1457.34
2012-10-17,2552.05,2364.26,1460.91
2012-10-16,2541.28,2354.37,1454.92
2012-10-15,2515.44,2330.43,1440.13
2012-10-12,2495.28,2311.75,1428.59
2012-10-11,2502.66,2318.6,1432.84
2012-10-10,2501.75,2317.87,1432.56
2012-10-09,2517.14,2332.19,1441.48
2012-10-08,2542.21,2355.43,1455.88
2012-10-05,2551.03,2363.6,1460.93
2012-10-04,2550.98,2363.8,1461.4
2012-10-03,2532.79,2346.95,1450.99
2012-10-02,2523.08,2338.11,1445.75
2012-10-01,2520.71,2335.96,1444.49
2012-09-28,2513.93,2329.71,1440.67
2012-09-27,2525.23,2340.18,1447.15
2012-09-26,2500.92,2317.7,1433.32
2012-09-25,2514.83,2330.74,1441.59
2012-09-24,2541.23,2355.29,1456.89
2012-09-21,2546.92,2360.56,1460.15
2012-09-20,2547.11,2360.74,1460.26
2012-09-19,2548.11,2361.77,1461.05
2012-09-18,2545.05,2358.94,1459.32
2012-09-17,2548.26,2361.93,1461.19
2012-09-14,2556.13,2369.27,1465.77
2012-09-13,2546.03,2359.91,1459.99
2012-09-12,2504.84,2321.82,1436.56
2012-09-11,2498.95,2316.55,1433.56
2012-09-10,2491.11,2309.29,1429.08
2012-09-07,2506.37,2323.47,1437.92
2012-09-06,2496.12,2314.01,1432.12
2012-09-05,2445.81,2267.45,1403.44
2012-09-04,2447.8,2269.48,1404.94
2012-08-31,2450.6,2272.09,1406.58
2012-08-30,2438.2,2260.6,1399.48
2012-08-29,2457.05,2278.17,1410.49
2012-08-28,2454.39,2275.87,1409.3
2012-08-27,2456.22,2277.6,1410.44
2012-08-24,2457.4,2278.71,1411.13
2012-08-23,2441.29,2263.87,1402.08
2012-08-22,2461.12,2282.27,1413.49
2012-08-21,2460.41,2281.65,1413.17
2012-08-20,2468.99,2289.63,1418.13
2012-08-17,2469.0,2289.64,1418.16
2012-08-16,2464.38,2285.36,1415.51
2012-08-15,2446.82,2269.12,1405.53
2012-08-14,2443.16,2265.97,1403.93
2012-08-13,2443.05,2265.99,1404.11
2012-08-10,2445.64,2268.53,1405.87
2012-08-09,2440.23,2263.52,1402.8
2012-08-08,2438.16,2261.9,1402.22
2012-08-07,2435.88,2260.0,1401.35
2012-08-06,2423.46,2248.49,1394.23
2012-08-03,2417.77,2243.23,1390.99
2012-08-02,2372.31,2201.13,1365.0
2012-08-01,2389.73,2217.35,1375.14
2012-07-31,2396.62,2223.85,1379.32
2012-07-30,2406.99,2233.47,1385.3
2012-07-27,2408.07,2234.5,1385.97
2012-07-26,2362.85,2192.57,1360.02
2012-07-25,2324.33,2156.85,1337.89
2012-07-24,2325.02,2157.5,1338.31
2012-07-23,2346.22,2177.18,1350.52
2012-07-20,2367.26,2196.72,1362.66
2012-07-19,2391.27,2219.01,1376.51
2012-07-18,2384.54,2212.84,1372.78
2012-07-17,2368.36,2197.92,1363.67
2012-07-16,2350.94,2181.76,1353.64
2012-07-13,2356.4,2186.82,1356.78
2012-07-12,2318.09,2151.28,1334.76
2012-07-11,2329.71,2162.07,1341.45
2012-07-10,2329.46,2161.92,1341.47
2012-07-09,2348.52,2179.61,1352.46
2012-07-06,2352.34,2183.17,1354.68
2012-07-05,2373.91,2203.42,1367.58
2012-07-03,2385.06,2213.77,1374.02
2012-07-02,2369.75,2199.71,1365.51
2012-06-29,2363.79,2194.22,1362.16
2012-06-28,2306.22,2140.81,1329.04
2012-06-27,2310.98,2145.26,1331.85
2012-06-26,2289.86,2125.8,1319.99
2012-06-25,2278.98,2115.7,1313.72
2012-06-22,2315.65,2149.82,1335.02
2012-06-21,2299.16,2134.51,1325.51
2012-06-20,2351.14,2182.87,1355.69
2012-06-19,2355.01,2186.5,1357.98
2012-06-18,2332.07,2165.21,1344.78
2012-06-15,2328.66,2162.05,1342.84
2012-06-14,2304.83,2139.93,1329.1
2012-06-13,2280.13,2117.01,1314.88
2012-06-12,2295.4,2131.43,1324.18
2012-06-11,2268.94,2106.86,1308.93
2012-06-08,2297.82,2133.71,1325.66
2012-06-07,2279.28,2116.51,1314.99
2012-06-06,2279.42,2116.67,1315.13
2012-06-05,2227.45,2068.58,1285.5
2012-06-04,2214.7,2056.76,1278.18
2012-06-01,2214.41,2056.5,1278.04
2012-05-31,2270.25,2108.39,1310.33
2012-05-30,2275.19,2113.04,1313.32
2012-05-29,2307.57,2143.32,1332.42
2012-05-25,2281.92,2119.6,1317.82
2012-05-24,2286.87,2124.19,1320.68
2012-05-23,2283.36,2121.03,1318.86
2012-05-22,2279.4,2117.38,1316.63
2012-05-21,2278.24,2116.32,1315.99
2012-05-18,2242.25,2082.9,1295.22
2012-05-17,2258.93,2098.39,1304.86
2012-05-16,2293.21,2130.31,1324.8
2012-05-15,2302.56,2139.21,1330.66
2012-05-14,2315.45,2151.3,1338.35
2012-05-11,2341.23,2175.32,1353.39
2012-05-10,2348.93,2182.55,1357.99
2012-05-09,2342.31,2176.59,1354.58
2012-05-08,2357.45,2190.85,1363.72
2012-05-07,2367.26,2200.06,1369.58
2012-05-04,2366.39,2199.25,1369.1
2012-05-03,2405.17,2235.31,1391.57
2012-05-02,2423.29,2252.28,1402.31
2012-05-01,2429.1,2257.75,1405.82
2012-04-30,2415.42,2245.04,1397.91
2012-04-27,2424.78,2253.76,1403.36
2012-04-26,2418.89,2248.3,1399.98
2012-04-25,2402.71,2233.3,1390.69
2012-04-24,2370.04,2203.02,1371.97
2012-04-23,2361.35,2194.94,1366.94
2012-04-20,2381.32,2213.52,1378.53
2012-04-19,2378.48,2210.89,1376.92
2012-04-18,2392.57,2224.02,1385.14
2012-04-17,2402.29,2233.06,1390.78
2012-04-16,2365.65,2199.0,1369.57
2012-04-13,2366.84,2200.11,1370.26
2012-04-12,2396.69,2227.87,1387.57
2012-04-11,2364.09,2197.57,1368.71
2012-04-10,2346.27,2181.11,1358.59
2012-04-09,2387.03,2219.0,1382.2
2012-04-05,2414.4,2244.46,1398.08
2012-04-04,2415.05,2245.3,1398.96
2012-04-03,2439.89,2268.41,1413.38
2012-04-02,2449.08,2277.12,1419.04
2012-03-30,2430.67,2260.05,1408.47
2012-03-29,2421.7,2251.71,1403.28
2012-03-28,2425.55,2255.31,1405.54
2012-03-27,2437.01,2266.12,1412.52
2012-03-26,2443.64,2272.36,1416.51
2012-03-23,2410.16,2241.23,1397.11
2012-03-22,2402.71,2234.3,1392.78
2012-03-21,2420.02,2250.43,1402.89
2012-03-20,2424.46,2254.59,1405.52
2012-03-19,2431.73,2261.35,1409.75
2012-03-16,2422.09,2252.4,1404.17
2012-03-15,2419.37,2249.87,1402.6
2012-03-14,2404.98,2236.5,1394.28
2012-03-13,2407.79,2239.13,1395.95
2012-03-12,2364.1,2198.73,1371.09
2012-03-09,2363.56,2198.27,1370.87
2012-03-08,2355.01,2190.32,1365.91
2012-03-07,2331.89,2168.87,1352.63
2012-03-06,2315.21,2153.56,1343.36
2012-03-05,2351.28,2187.13,1364.33
2012-03-02,2360.28,2195.54,1369.63
2012-03-01,2367.87,2202.62,1374.09
2012-02-29,2353.23,2189.05,1365.68
2012-02-28,2364.03,2199.2,1372.18
2012-02-27,2355.74,2191.6,1367.59
2012-02-24,2352.34,2188.5,1365.74
2012-02-23,2348.11,2184.64,1363.46
2012-02-22,2337.67,2175.05,1357.66
2012-02-21,2345.41,2182.28,1362.21
2012-02-17,2343.67,2180.68,1361.23
2012-02-16,2338.12,2175.53,1358.04
2012-02-15,2312.28,2151.58,1343.23
2012-02-14,2324.0,2162.71,1350.5
2012-02-13,2325.81,2164.51,1351.77
2012-02-10,2309.6,2149.55,1342.64
2012-02-09,2325.56,2164.43,1351.95
2012-02-08,2322.11,2161.22,1349.96
2012-02-07,2316.27,2156.02,1347.05
2012-02-06,2311.55,2151.64,1344.33
2012-02-03,2312.49,2152.52,1344.9
2012-02-02,2278.92,2121.35,1325.54
2012-02-01,2276.24,2118.91,1324.09
2012-01-31,2255.69,2099.92,1312.41
2012-01-30,2256.72,2100.88,1313.01
2012-01-27,2262.35,2106.13,1316.33
2012-01-26,2265.84,2109.42,1318.43
2012-01-25,2278.83,2121.54,1326.05
2012-01-24,2259.22,2103.29,1314.65
2012-01-23,2261.47,2105.41,1316.0
2012-01-20,2260.37,2104.4,1315.38
2012-01-19,2258.8,2102.95,1314.5
2012-01-18,2247.64,2092.57,1308.04
2012-01-17,2222.59,2069.35,1293.67
2012-01-13,2214.73,2062.03,1289.09
2012-01-12,2225.74,2072.28,1295.5
2012-01-11,2220.48,2067.4,1292.48
2012-01-10,2219.58,2066.62,1292.08
2012-01-09,2200.0,2048.4,1280.7
2012-01-06,2194.98,2043.75,1277.81
2012-01-05,2199.73,2048.4,1281.06
2012-01-04,2193.28,2042.39,1277.3
2012-01-03,2192.4,2041.7,1277.06
2011-12-30,2158.94,2010.56,1257.6
2011-12-29,2168.12,2019.14,1263.02
2011-12-28,2145.09,1997.71,1249.64
2011-12-27,2171.71,2022.64,1265.43
2011-12-23,2171.5,2022.46,1265.33
2011-12-22,2152.04,2004.33,1254.0
2011-12-21,2133.86,1987.55,1243.72
2011-12-20,2129.67,1983.66,1241.3
2011-12-19,2067.67,1926.0,1205.35
2011-12-16,2092.18,1948.84,1219.66
2011-12-15,2085.44,1942.57,1215.75
2011-12-14,2078.51,1936.17,1211.82
2011-12-13,2102.15,1958.25,1225.73
2011-12-12,2120.15,1975.14,1236.47
2011-12-09,2152.15,2004.97,1255.19
2011-12-08,2116.41,1971.68,1234.35
2011-12-07,2162.07,2014.23,1261.01
2011-12-06,2157.1,2009.77,1258.47
2011-12-05,2154.68,2007.53,1257.08
2011-12-02,2132.64,1987.02,1244.28
2011-12-01,2133.07,1987.45,1244.58
2011-11-30,2137.08,1991.2,1246.96
2011-11-29,2048.06,1908.35,1195.19
2011-11-28,2042.8,1903.65,1192.55
2011-11-25,1984.5,1849.39,1158.67
2011-11-23,1989.54,1854.17,1161.79
2011-11-22,2034.41,1896.01,1188.04
2011-11-21,2042.71,1903.79,1192.98
2011-11-18,2081.42,1939.9,1215.65
2011-11-17,2082.1,1940.57,1216.13
2011-11-16,2117.64,1973.71,1236.91
2011-11-15,2152.8,2006.65,1257.81
2011-11-14,2142.09,1996.78,1251.78
2011-11-11,2162.48,2015.87,1263.85
2011-11-10,2121.14,1977.32,1239.69
2011-11-09,2102.72,1960.24,1229.1
2011-11-08,2182.61,2034.77,1275.92
2011-11-07,2156.0,2010.33,1261.12
2011-11-04,2142.34,1997.64,1253.23
2011-11-03,2155.87,2010.26,1261.15
2011-11-02,2115.7,1972.92,1237.9
2011-11-01,2081.97,1941.52,1218.28
2011-10-31,2141.81,1997.32,1253.3
2011-10-28,2196.13,2047.98,1285.09
2011-10-27,2195.22,2047.15,1284.59
2011-10-26,2122.32,1979.2,1242.0
2011-10-25,2100.17,1958.55,1229.05
2011-10-24,2143.13,1998.61,1254.19
2011-10-21,2115.86,1973.19,1238.25
2011-10-20,2076.75,1936.73,1215.39
2011-10-19,2067.28,1927.91,1209.88
2011-10-18,2093.43,1952.4,1225.38
2011-10-17,2051.54,1913.33,1200.86
2011-10-14,2091.99,1951.07,1224.58
2011-10-13,2056.26,1917.74,1203.66
2011-10-12,2062.22,1923.36,1207.25
2011-10-11,2041.9,1904.48,1195.54
2011-10-10,2040.76,1903.43,1194.89
2011-10-07,1973.42,1840.63,1155.46
2011-10-06,1989.61,1855.74,1164.97
2011-10-05,1953.67,1822.27,1144.03
2011-10-04,1918.39,1789.64,1123.95
2011-10-03,1875.95,1750.11,1099.23
2011-09-30,1930.79,1801.3,1131.42
2011-09-29,1980.23,1847.43,1160.4
2011-09-28,1964.2,1832.5,1151.06
2011-09-27,2005.19,1870.89,1175.38
2011-09-26,1983.97,1851.09,1162.95
2011-09-23,1938.73,1808.88,1136.43
2011-09-22,1926.76,1797.78,1129.56
2011-09-21,1990.2,1856.98,1166.76
2011-09-20,2050.39,1913.16,1202.09
2011-09-19,2053.74,1916.31,1204.09
2011-09-16,2074.06,1935.27,1216.01
2011-09-15,2062.25,1924.26,1209.11
2011-09-14,2027.04,1891.5,1188.68
2011-09-13,2000.08,1866.35,1172.87
2011-09-12,1981.3,1849.02,1162.27
2011-09-09,1967.47,1836.16,1154.23
2011-09-08,2021.42,1886.51,1185.9
2011-09-07,2043.05,1906.71,1198.62
2011-09-06,1985.67,1853.3,1165.24
2011-09-02,2000.5,1867.15,1173.97
2011-09-01,2052.3,1915.52,1204.42
2011-08-31,2076.78,1938.42,1218.89
2011-08-30,2066.37,1928.77,1212.92
2011-08-29,2061.05,1923.94,1210.08
2011-08-26,2004.11,1870.86,1176.8
2011-08-25,1973.96,1842.8,1159.27
2011-08-24,2005.13,1871.91,1177.6
2011-08-23,1978.89,1847.49,1162.35
2011-08-22,1913.27,1786.23,1123.82
2011-08-19,1912.77,1785.77,1123.53
2011-08-18,1941.92,1812.98,1140.65
2011-08-17,2032.41,1897.5,1193.89
2011-08-16,2029.92,1895.34,1192.76
2011-08-15,2049.51,1913.73,1204.49
2011-08-12,2005.67,1872.84,1178.81
2011-08-11,1995.14,1863.01,1172.64
2011-08-10,1906.53,1780.37,1120.76
2011-08-09,1993.76,1862.06,1172.53
2011-08-08,1903.47,1777.75,1119.46
2011-08-05,2039.04,1904.45,1199.38
2011-08-04,2040.2,1905.54,1200.07
2011-08-03,2142.56,2001.18,1260.34
2011-08-02,2131.1,1990.68,1254.05
2011-08-01,2187.0,2042.9,1286.94
2011-07-29,2196.08,2051.38,1292.28
2011-07-28,2210.33,2064.69,1300.67
2011-07-27,2217.29,2071.25,1304.89
2011-07-26,2263.15,2114.12,1331.94
2011-07-25,2272.47,2122.83,1337.43
2011-07-22,2285.34,2134.86,1345.02
2011-07-21,2283.23,2132.9,1343.8
2011-07-20,2252.52,2104.27,1325.84
2011-07-19,2253.71,2105.47,1326.73
2011-07-18,2217.55,2071.68,1305.44
2011-07-15,2235.65,2088.61,1316.14
2011-07-14,2223.29,2077.07,1308.87
2011-07-13,2238.29,2091.09,1317.72
2011-07-12,2231.15,2084.49,1313.64
2011-07-11,2241.07,2093.76,1319.49
2011-07-08,2282.32,2132.31,1343.8
2011-07-07,2298.31,2147.24,1353.22
2011-07-06,2274.42,2124.96,1339.22
2011-07-05,2271.29,2122.27,1337.88
2011-07-01,2274.26,2125.06,1339.67
2011-06-30,2241.66,2094.69,1320.64
2011-06-29,2219.2,2073.7,1307.41
2011-06-28,2200.68,2056.48,1296.67
2011-06-27,2172.08,2029.88,1280.1
2011-06-24,2152.31,2011.41,1268.45
2011-06-23,2177.85,2035.28,1283.5
2011-06-22,2184.03,2041.05,1287.14
2011-06-21,2198.15,2054.27,1295.52
2011-06-20,2168.8,2026.91,1278.36
2011-06-17,2157.14,2016.02,1271.5
2011-06-16,2150.58,2009.89,1267.64
2011-06-15,2146.45,2006.13,1265.42
2011-06-14,2184.48,2041.69,1287.87
2011-06-13,2157.15,2016.18,1271.83
2011-06-10,2155.0,2014.37,1270.98
2011-06-09,2185.52,2042.91,1289.0
2011-06-08,2169.5,2027.94,1279.56
2011-06-07,2178.15,2036.16,1284.94
2011-06-06,2180.14,2038.04,1286.17
2011-06-03,2203.81,2060.19,1300.16
2011-06-02,2225.36,2080.36,1312.94
2011-06-01,2227.96,2082.83,1314.55
2011-05-31,2279.66,2131.23,1345.2
2011-05-27,2255.74,2108.88,1331.1
2011-05-26,2246.13,2100.01,1325.69
2011-05-25,2236.75,2091.4,1320.47
2011-05-24,2229.49,2084.65,1316.28
2011-05-23,2231.31,2086.36,1317.37
2011-05-20,2258.21,2111.52,1333.27
2011-05-19,2275.71,2127.88,1343.6
2011-05-18,2270.57,2123.13,1340.68
2011-05-17,2250.35,2104.34,1328.98
2011-05-16,2250.61,2104.74,1329.47
2011-05-13,2264.52,2117.79,1337.77
2011-05-12,2282.84,2134.95,1348.65
2011-05-11,2271.47,2124.39,1342.08
2011-05-10,2295.72,2147.43,1357.16
2011-05-09,2277.3,2130.21,1346.29
2011-05-06,2266.97,2120.55,1340.2
2011-05-05,2258.08,2112.3,1335.1
2011-05-04,2278.63,2131.57,1347.32
2011-05-03,2293.95,2146.01,1356.62
2011-05-02,2301.72,2153.28,1361.22
2011-04-29,2305.76,2157.06,1363.61
2011-04-28,2300.46,2152.1,1360.48
2011-04-27,2292.13,2144.36,1355.66
2011-04-26,2277.51,2130.79,1347.24
2011-04-25,2257.24,2111.82,1335.25
2011-04-21,2260.84,2115.19,1337.38
2011-04-20,2248.9,2104.05,1330.36
2011-04-19,2218.86,2075.96,1312.62
2011-04-18,2206.15,2064.08,1305.14
2011-04-15,2230.7,2087.06,1319.68
2011-04-14,2221.99,2078.9,1314.52
2011-04-13,2221.77,2078.71,1314.41
2011-04-12,2221.12,2078.16,1314.16
2011-04-11,2238.51,2094.44,1324.46
2011-04-08,2244.74,2100.28,1328.17
2011-04-07,2253.76,2108.72,1333.51
2011-04-06,2257.11,2111.88,1335.54
2011-04-05,2251.26,2106.67,1332.63
2011-04-04,2251.64,2107.03,1332.87
2011-04-01,2250.58,2106.12,1332.41
2011-03-31,2239.44,2095.7,1325.83
2011-03-30,2243.55,2099.55,1328.26
2011-03-29,2228.41,2085.44,1319.44
2011-03-28,2212.32,2070.52,1310.19
2011-03-25,2218.42,2076.23,1313.8
2011-03-24,2211.42,2069.68,1309.66
2011-03-23,2190.96,2050.53,1297.54
2011-03-22,2184.57,2044.55,1293.77
2011-03-21,2192.09,2051.67,1298.38
2011-03-18,2159.69,2021.35,1279.2
2011-03-17,2150.43,2012.68,1273.72
2011-03-16,2121.94,1986.03,1256.88
2011-03-15,2164.06,2025.48,1281.87
2011-03-14,2188.56,2048.41,1296.39
2011-03-11,2201.81,2060.83,1304.28
2011-03-10,2185.65,2045.9,1295.11
2011-03-09,2227.7,2085.26,1320.02
2011-03-08,2230.4,2087.87,1321.82
2011-03-07,2210.26,2069.14,1310.13
2011-03-04,2228.78,2086.5,1321.15
2011-03-03,2245.33,2101.99,1330.97
2011-03-02,2207.24,2066.36,1308.44
2011-03-01,2203.32,2062.79,1306.33
2011-02-28,2238.55,2095.78,1327.22
2011-02-25,2226.05,2084.11,1319.88
2011-02-24,2202.23,2061.97,1306.1
2011-02-23,2203.89,2063.67,1307.4
2011-02-22,2217.35,2076.3,1315.44
2011-02-18,2263.79,2119.8,1343.01
2011-02-17,2259.42,2115.71,1340.43
2011-02-16,2252.3,2109.1,1336.32
2011-02-15,2237.9,2095.72,1328.01
2011-02-14,2244.89,2102.35,1332.32
